--
-- PostgreSQL database dump
--

\restrict hDo5YOoMVFzHI6oTleCzgpvhlvzfb1LXmLULON5gn118F4LWPopJAQ0W5eDeGfJ

-- Dumped from database version 15.14 (Debian 15.14-1.pgdg13+1)
-- Dumped by pg_dump version 15.14 (Debian 15.14-1.pgdg13+1)

SET statement_timeout = 0;
SET lock_timeout = 0;
SET idle_in_transaction_session_timeout = 0;
SET client_encoding = 'UTF8';
SET standard_conforming_strings = on;
SELECT pg_catalog.set_config('search_path', '', false);
SET check_function_bodies = false;
SET xmloption = content;
SET client_min_messages = warning;
SET row_security = off;

SET default_tablespace = '';

SET default_table_access_method = heap;

--
-- Name: auth_group; Type: TABLE; Schema: public; Owner: myprojectuser
--

CREATE TABLE public.auth_group (
    id integer NOT NULL,
    name character varying(150) NOT NULL
);


ALTER TABLE public.auth_group OWNER TO myprojectuser;

--
-- Name: auth_group_id_seq; Type: SEQUENCE; Schema: public; Owner: myprojectuser
--

ALTER TABLE public.auth_group ALTER COLUMN id ADD GENERATED BY DEFAULT AS IDENTITY (
    SEQUENCE NAME public.auth_group_id_seq
    START WITH 1
    INCREMENT BY 1
    NO MINVALUE
    NO MAXVALUE
    CACHE 1
);


--
-- Name: auth_group_permissions; Type: TABLE; Schema: public; Owner: myprojectuser
--

CREATE TABLE public.auth_group_permissions (
    id integer NOT NULL,
    group_id integer NOT NULL,
    permission_id integer NOT NULL
);


ALTER TABLE public.auth_group_permissions OWNER TO myprojectuser;

--
-- Name: auth_group_permissions_id_seq; Type: SEQUENCE; Schema: public; Owner: myprojectuser
--

ALTER TABLE public.auth_group_permissions ALTER COLUMN id ADD GENERATED BY DEFAULT AS IDENTITY (
    SEQUENCE NAME public.auth_group_permissions_id_seq
    START WITH 1
    INCREMENT BY 1
    NO MINVALUE
    NO MAXVALUE
    CACHE 1
);


--
-- Name: auth_permission; Type: TABLE; Schema: public; Owner: myprojectuser
--

CREATE TABLE public.auth_permission (
    id integer NOT NULL,
    name character varying(255) NOT NULL,
    content_type_id integer NOT NULL,
    codename character varying(100) NOT NULL
);


ALTER TABLE public.auth_permission OWNER TO myprojectuser;

--
-- Name: auth_permission_id_seq; Type: SEQUENCE; Schema: public; Owner: myprojectuser
--

ALTER TABLE public.auth_permission ALTER COLUMN id ADD GENERATED BY DEFAULT AS IDENTITY (
    SEQUENCE NAME public.auth_permission_id_seq
    START WITH 1
    INCREMENT BY 1
    NO MINVALUE
    NO MAXVALUE
    CACHE 1
);


--
-- Name: auth_user; Type: TABLE; Schema: public; Owner: myprojectuser
--

CREATE TABLE public.auth_user (
    id integer NOT NULL,
    password character varying(128) NOT NULL,
    last_login timestamp with time zone,
    is_superuser boolean NOT NULL,
    username character varying(150) NOT NULL,
    first_name character varying(150) NOT NULL,
    last_name character varying(150) NOT NULL,
    email character varying(254) NOT NULL,
    is_staff boolean NOT NULL,
    is_active boolean NOT NULL,
    date_joined timestamp with time zone NOT NULL
);


ALTER TABLE public.auth_user OWNER TO myprojectuser;

--
-- Name: auth_user_groups; Type: TABLE; Schema: public; Owner: myprojectuser
--

CREATE TABLE public.auth_user_groups (
    id integer NOT NULL,
    user_id integer NOT NULL,
    group_id integer NOT NULL
);


ALTER TABLE public.auth_user_groups OWNER TO myprojectuser;

--
-- Name: auth_user_groups_id_seq; Type: SEQUENCE; Schema: public; Owner: myprojectuser
--

ALTER TABLE public.auth_user_groups ALTER COLUMN id ADD GENERATED BY DEFAULT AS IDENTITY (
    SEQUENCE NAME public.auth_user_groups_id_seq
    START WITH 1
    INCREMENT BY 1
    NO MINVALUE
    NO MAXVALUE
    CACHE 1
);


--
-- Name: auth_user_id_seq; Type: SEQUENCE; Schema: public; Owner: myprojectuser
--

ALTER TABLE public.auth_user ALTER COLUMN id ADD GENERATED BY DEFAULT AS IDENTITY (
    SEQUENCE NAME public.auth_user_id_seq
    START WITH 1
    INCREMENT BY 1
    NO MINVALUE
    NO MAXVALUE
    CACHE 1
);


--
-- Name: auth_user_user_permissions; Type: TABLE; Schema: public; Owner: myprojectuser
--

CREATE TABLE public.auth_user_user_permissions (
    id integer NOT NULL,
    user_id integer NOT NULL,
    permission_id integer NOT NULL
);


ALTER TABLE public.auth_user_user_permissions OWNER TO myprojectuser;

--
-- Name: auth_user_user_permissions_id_seq; Type: SEQUENCE; Schema: public; Owner: myprojectuser
--

ALTER TABLE public.auth_user_user_permissions ALTER COLUMN id ADD GENERATED BY DEFAULT AS IDENTITY (
    SEQUENCE NAME public.auth_user_user_permissions_id_seq
    START WITH 1
    INCREMENT BY 1
    NO MINVALUE
    NO MAXVALUE
    CACHE 1
);


--
-- Name: django_admin_log; Type: TABLE; Schema: public; Owner: myprojectuser
--

CREATE TABLE public.django_admin_log (
    id integer NOT NULL,
    action_time timestamp with time zone NOT NULL,
    object_id text,
    object_repr character varying(200) NOT NULL,
    action_flag smallint NOT NULL,
    change_message text NOT NULL,
    content_type_id integer,
    user_id integer NOT NULL,
    CONSTRAINT django_admin_log_action_flag_check CHECK ((action_flag >= 0))
);


ALTER TABLE public.django_admin_log OWNER TO myprojectuser;

--
-- Name: django_admin_log_id_seq; Type: SEQUENCE; Schema: public; Owner: myprojectuser
--

ALTER TABLE public.django_admin_log ALTER COLUMN id ADD GENERATED BY DEFAULT AS IDENTITY (
    SEQUENCE NAME public.django_admin_log_id_seq
    START WITH 1
    INCREMENT BY 1
    NO MINVALUE
    NO MAXVALUE
    CACHE 1
);


--
-- Name: django_content_type; Type: TABLE; Schema: public; Owner: myprojectuser
--

CREATE TABLE public.django_content_type (
    id integer NOT NULL,
    app_label character varying(100) NOT NULL,
    model character varying(100) NOT NULL
);


ALTER TABLE public.django_content_type OWNER TO myprojectuser;

--
-- Name: django_content_type_id_seq; Type: SEQUENCE; Schema: public; Owner: myprojectuser
--

ALTER TABLE public.django_content_type ALTER COLUMN id ADD GENERATED BY DEFAULT AS IDENTITY (
    SEQUENCE NAME public.django_content_type_id_seq
    START WITH 1
    INCREMENT BY 1
    NO MINVALUE
    NO MAXVALUE
    CACHE 1
);


--
-- Name: django_migrations; Type: TABLE; Schema: public; Owner: myprojectuser
--

CREATE TABLE public.django_migrations (
    id integer NOT NULL,
    app character varying(255) NOT NULL,
    name character varying(255) NOT NULL,
    applied timestamp with time zone NOT NULL
);


ALTER TABLE public.django_migrations OWNER TO myprojectuser;

--
-- Name: django_migrations_id_seq; Type: SEQUENCE; Schema: public; Owner: myprojectuser
--

ALTER TABLE public.django_migrations ALTER COLUMN id ADD GENERATED BY DEFAULT AS IDENTITY (
    SEQUENCE NAME public.django_migrations_id_seq
    START WITH 1
    INCREMENT BY 1
    NO MINVALUE
    NO MAXVALUE
    CACHE 1
);


--
-- Name: django_session; Type: TABLE; Schema: public; Owner: myprojectuser
--

CREATE TABLE public.django_session (
    session_key character varying(40) NOT NULL,
    session_data text NOT NULL,
    expire_date timestamp with time zone NOT NULL
);


ALTER TABLE public.django_session OWNER TO myprojectuser;

--
-- Name: players_acudiente; Type: TABLE; Schema: public; Owner: myprojectuser
--

CREATE TABLE public.players_acudiente (
    id integer NOT NULL,
    nombre character varying(255) NOT NULL,
    documento character varying(100) NOT NULL,
    correo character varying(254) NOT NULL,
    direccion character varying(255) NOT NULL,
    profesion character varying(255) NOT NULL,
    created_at timestamp with time zone NOT NULL,
    updated_at timestamp with time zone NOT NULL
);


ALTER TABLE public.players_acudiente OWNER TO myprojectuser;

--
-- Name: players_acudiente_id_seq; Type: SEQUENCE; Schema: public; Owner: myprojectuser
--

ALTER TABLE public.players_acudiente ALTER COLUMN id ADD GENERATED BY DEFAULT AS IDENTITY (
    SEQUENCE NAME public.players_acudiente_id_seq
    START WITH 1
    INCREMENT BY 1
    NO MINVALUE
    NO MAXVALUE
    CACHE 1
);


--
-- Name: players_category; Type: TABLE; Schema: public; Owner: myprojectuser
--

CREATE TABLE public.players_category (
    id integer NOT NULL,
    name character varying(120) NOT NULL
);


ALTER TABLE public.players_category OWNER TO myprojectuser;

--
-- Name: players_category_id_seq; Type: SEQUENCE; Schema: public; Owner: myprojectuser
--

ALTER TABLE public.players_category ALTER COLUMN id ADD GENERATED BY DEFAULT AS IDENTITY (
    SEQUENCE NAME public.players_category_id_seq
    START WITH 1
    INCREMENT BY 1
    NO MINVALUE
    NO MAXVALUE
    CACHE 1
);


--
-- Name: players_player; Type: TABLE; Schema: public; Owner: myprojectuser
--

CREATE TABLE public.players_player (
    id integer NOT NULL,
    nombre character varying(255) NOT NULL,
    fecha_nacimiento date,
    documento character varying(100) NOT NULL,
    acudiente character varying(255) NOT NULL,
    estrato character varying(50) NOT NULL,
    jornada character varying(100) NOT NULL,
    sede character varying(100) NOT NULL,
    created_at timestamp with time zone NOT NULL,
    updated_at timestamp with time zone NOT NULL,
    category_id integer
);


ALTER TABLE public.players_player OWNER TO myprojectuser;

--
-- Name: players_player_id_seq; Type: SEQUENCE; Schema: public; Owner: myprojectuser
--

ALTER TABLE public.players_player ALTER COLUMN id ADD GENERATED BY DEFAULT AS IDENTITY (
    SEQUENCE NAME public.players_player_id_seq
    START WITH 1
    INCREMENT BY 1
    NO MINVALUE
    NO MAXVALUE
    CACHE 1
);


--
-- Name: token_blacklist_blacklistedtoken; Type: TABLE; Schema: public; Owner: myprojectuser
--

CREATE TABLE public.token_blacklist_blacklistedtoken (
    id bigint NOT NULL,
    blacklisted_at timestamp with time zone NOT NULL,
    token_id bigint NOT NULL
);


ALTER TABLE public.token_blacklist_blacklistedtoken OWNER TO myprojectuser;

--
-- Name: token_blacklist_blacklistedtoken_id_seq; Type: SEQUENCE; Schema: public; Owner: myprojectuser
--

ALTER TABLE public.token_blacklist_blacklistedtoken ALTER COLUMN id ADD GENERATED BY DEFAULT AS IDENTITY (
    SEQUENCE NAME public.token_blacklist_blacklistedtoken_id_seq
    START WITH 1
    INCREMENT BY 1
    NO MINVALUE
    NO MAXVALUE
    CACHE 1
);


--
-- Name: token_blacklist_outstandingtoken; Type: TABLE; Schema: public; Owner: myprojectuser
--

CREATE TABLE public.token_blacklist_outstandingtoken (
    id bigint NOT NULL,
    token text NOT NULL,
    created_at timestamp with time zone,
    expires_at timestamp with time zone NOT NULL,
    user_id integer,
    jti character varying(255) NOT NULL
);


ALTER TABLE public.token_blacklist_outstandingtoken OWNER TO myprojectuser;

--
-- Name: token_blacklist_outstandingtoken_id_seq; Type: SEQUENCE; Schema: public; Owner: myprojectuser
--

ALTER TABLE public.token_blacklist_outstandingtoken ALTER COLUMN id ADD GENERATED BY DEFAULT AS IDENTITY (
    SEQUENCE NAME public.token_blacklist_outstandingtoken_id_seq
    START WITH 1
    INCREMENT BY 1
    NO MINVALUE
    NO MAXVALUE
    CACHE 1
);


--
-- Data for Name: auth_group; Type: TABLE DATA; Schema: public; Owner: myprojectuser
--

COPY public.auth_group (id, name) FROM stdin;
\.


--
-- Data for Name: auth_group_permissions; Type: TABLE DATA; Schema: public; Owner: myprojectuser
--

COPY public.auth_group_permissions (id, group_id, permission_id) FROM stdin;
\.


--
-- Data for Name: auth_permission; Type: TABLE DATA; Schema: public; Owner: myprojectuser
--

COPY public.auth_permission (id, name, content_type_id, codename) FROM stdin;
1	Can add log entry	1	add_logentry
2	Can change log entry	1	change_logentry
3	Can delete log entry	1	delete_logentry
4	Can view log entry	1	view_logentry
5	Can add permission	2	add_permission
6	Can change permission	2	change_permission
7	Can delete permission	2	delete_permission
8	Can view permission	2	view_permission
9	Can add group	3	add_group
10	Can change group	3	change_group
11	Can delete group	3	delete_group
12	Can view group	3	view_group
13	Can add user	4	add_user
14	Can change user	4	change_user
15	Can delete user	4	delete_user
16	Can view user	4	view_user
17	Can add content type	5	add_contenttype
18	Can change content type	5	change_contenttype
19	Can delete content type	5	delete_contenttype
20	Can view content type	5	view_contenttype
21	Can add session	6	add_session
22	Can change session	6	change_session
23	Can delete session	6	delete_session
24	Can view session	6	view_session
25	Can add Blacklisted Token	7	add_blacklistedtoken
26	Can change Blacklisted Token	7	change_blacklistedtoken
27	Can delete Blacklisted Token	7	delete_blacklistedtoken
28	Can view Blacklisted Token	7	view_blacklistedtoken
29	Can add Outstanding Token	8	add_outstandingtoken
30	Can change Outstanding Token	8	change_outstandingtoken
31	Can delete Outstanding Token	8	delete_outstandingtoken
32	Can view Outstanding Token	8	view_outstandingtoken
33	Can add player	9	add_player
34	Can change player	9	change_player
35	Can delete player	9	delete_player
36	Can view player	9	view_player
37	Can add category	10	add_category
38	Can change category	10	change_category
39	Can delete category	10	delete_category
40	Can view category	10	view_category
41	Can add acudiente	11	add_acudiente
42	Can change acudiente	11	change_acudiente
43	Can delete acudiente	11	delete_acudiente
44	Can view acudiente	11	view_acudiente
45	Can add uniforme bsp	12	add_uniformebsp
46	Can change uniforme bsp	12	change_uniformebsp
47	Can delete uniforme bsp	12	delete_uniformebsp
48	Can view uniforme bsp	12	view_uniformebsp
49	Can add uniforme p	13	add_uniformep
50	Can change uniforme p	13	change_uniformep
51	Can delete uniforme p	13	delete_uniformep
52	Can view uniforme p	13	view_uniformep
53	Can add uniforme j	14	add_uniformej
54	Can change uniforme j	14	change_uniformej
55	Can delete uniforme j	14	delete_uniformej
56	Can view uniforme j	14	view_uniformej
\.


--
-- Data for Name: auth_user; Type: TABLE DATA; Schema: public; Owner: myprojectuser
--

COPY public.auth_user (id, password, last_login, is_superuser, username, first_name, last_name, email, is_staff, is_active, date_joined) FROM stdin;
2	pbkdf2_sha256$600000$kJPp65MvL0jrOhWCjOc8cI$/QjpiY07oxQqXIc+HbzCvydjfuoGM/okxLR4WiPxJcU=	\N	f	ci_test			ci@example.com	f	t	2025-10-31 14:27:10.296118+00
1	pbkdf2_sha256$600000$ZcH0DR79Wj30Wd0zxvP3tj$LktRMlfOkFtOnJPTWExlZOlrKEffW3S8LQPAJE/0J+w=	2025-11-02 19:37:04.740553+00	t	alex			alex2001.gonzalezortiz@gmail.com	t	t	2025-10-25 21:26:15.016498+00
\.


--
-- Data for Name: auth_user_groups; Type: TABLE DATA; Schema: public; Owner: myprojectuser
--

COPY public.auth_user_groups (id, user_id, group_id) FROM stdin;
\.


--
-- Data for Name: auth_user_user_permissions; Type: TABLE DATA; Schema: public; Owner: myprojectuser
--

COPY public.auth_user_user_permissions (id, user_id, permission_id) FROM stdin;
\.


--
-- Data for Name: django_admin_log; Type: TABLE DATA; Schema: public; Owner: myprojectuser
--

COPY public.django_admin_log (id, action_time, object_id, object_repr, action_flag, change_message, content_type_id, user_id) FROM stdin;
1	2025-10-31 22:15:53.393475+00	4	alex	1	[{"added": {}}]	9	1
2	2025-10-31 22:16:34.754406+00	4	alex	3		9	1
3	2025-11-01 15:31:43.044709+00	1	Prueba desde container	3		11	1
4	2025-11-01 15:45:14.960758+00	2	alex	3		11	1
5	2025-11-01 16:26:34.630439+00	15	alex	3		9	1
\.


--
-- Data for Name: django_content_type; Type: TABLE DATA; Schema: public; Owner: myprojectuser
--

COPY public.django_content_type (id, app_label, model) FROM stdin;
1	admin	logentry
2	auth	permission
3	auth	group
4	auth	user
5	contenttypes	contenttype
6	sessions	session
7	token_blacklist	blacklistedtoken
8	token_blacklist	outstandingtoken
9	players	player
10	players	category
11	players	acudiente
12	players	uniformebsp
13	players	uniformep
14	players	uniformej
\.


--
-- Data for Name: django_migrations; Type: TABLE DATA; Schema: public; Owner: myprojectuser
--

COPY public.django_migrations (id, app, name, applied) FROM stdin;
1	contenttypes	0001_initial	2025-10-25 21:12:04.277058+00
2	auth	0001_initial	2025-10-25 21:12:04.328971+00
3	admin	0001_initial	2025-10-25 21:12:04.343498+00
4	admin	0002_logentry_remove_auto_add	2025-10-25 21:12:04.348196+00
5	admin	0003_logentry_add_action_flag_choices	2025-10-25 21:12:04.35253+00
6	contenttypes	0002_remove_content_type_name	2025-10-25 21:12:04.361979+00
7	auth	0002_alter_permission_name_max_length	2025-10-25 21:12:04.366648+00
8	auth	0003_alter_user_email_max_length	2025-10-25 21:12:04.371063+00
9	auth	0004_alter_user_username_opts	2025-10-25 21:12:04.375281+00
10	auth	0005_alter_user_last_login_null	2025-10-25 21:12:04.380131+00
11	auth	0006_require_contenttypes_0002	2025-10-25 21:12:04.381425+00
12	auth	0007_alter_validators_add_error_messages	2025-10-25 21:12:04.385778+00
13	auth	0008_alter_user_username_max_length	2025-10-25 21:12:04.392956+00
14	auth	0009_alter_user_last_name_max_length	2025-10-25 21:12:04.397753+00
15	auth	0010_alter_group_name_max_length	2025-10-25 21:12:04.402957+00
16	auth	0011_update_proxy_permissions	2025-10-25 21:12:04.408704+00
17	auth	0012_alter_user_first_name_max_length	2025-10-25 21:12:04.413464+00
18	sessions	0001_initial	2025-10-25 21:12:04.426093+00
19	token_blacklist	0001_initial	2025-10-25 21:12:04.452153+00
20	token_blacklist	0002_outstandingtoken_jti_hex	2025-10-25 21:12:04.47658+00
21	token_blacklist	0003_auto_20171017_2007	2025-10-25 21:12:04.493676+00
22	token_blacklist	0004_auto_20171017_2013	2025-10-25 21:12:04.508145+00
23	token_blacklist	0005_remove_outstandingtoken_jti	2025-10-25 21:12:04.513695+00
24	token_blacklist	0006_auto_20171017_2113	2025-10-25 21:12:04.520405+00
25	token_blacklist	0007_auto_20171017_2214	2025-10-25 21:12:04.537272+00
26	token_blacklist	0008_migrate_to_bigautofield	2025-10-25 21:12:04.566948+00
27	token_blacklist	0010_fix_migrate_to_bigautofield	2025-10-25 21:12:04.57606+00
28	token_blacklist	0011_linearizes_history	2025-10-25 21:12:04.578235+00
29	token_blacklist	0012_alter_outstandingtoken_user	2025-10-25 21:12:04.585658+00
30	token_blacklist	0013_alter_blacklistedtoken_options_and_more	2025-10-25 21:12:04.597214+00
31	players	0001_initial	2025-10-27 19:59:48.430778+00
32	players	0002_alter_player_category_and_more	2025-10-27 21:58:37.325219+00
33	players	0003_acudiente	2025-11-01 15:20:40.860805+00
34	players	0004_uniformep_uniformej_uniformebsp	2025-11-02 18:04:25.127918+00
35	players	0005_uniformej_split_talla	2025-11-02 19:47:24.819873+00
36	players	0006_remove_uniformej_player_remove_uniformep_player_and_more	2025-11-02 20:13:35.333811+00
\.


--
-- Data for Name: django_session; Type: TABLE DATA; Schema: public; Owner: myprojectuser
--

COPY public.django_session (session_key, session_data, expire_date) FROM stdin;
d4bbhccw874kapog95kl121n71iekeqs	.eJxVjEEOwiAQRe_C2pCCIODSfc9AhplBqgaS0q6Md7dNutDtf-_9t4iwLiWunec4kbgKJU6_WwJ8ct0BPaDem8RWl3lKclfkQbscG_Hrdrh_BwV62WpPlFzSEIAMYWJtMQd1AcjGoEPSxBq9ATMEnzIp686WN5-Dh6zMID5fKHc5Sw:1vEpYL:_Ss-ulqWKG4bw6tymqN0ls48e1KSkfn0DfqthanyImU	2025-11-14 13:52:29.043623+00
1tb3oshs0eascoieeyvor5f8z2srzome	.eJxVjEEOwiAQRe_C2hCgFIpL956BzDCDVA0kpV0Z765NutDtf-_9l4iwrSVunZc4kzgLLU6_G0J6cN0B3aHemkytrsuMclfkQbu8NuLn5XD_Dgr08q3ZGZrYTkSYgS1rBm_ROrbaYyDtMwQyDtyAY_DKAKswjMYRalAqJ_H-AAvTOIs:1vEqqR:C3_VGwxj0tCDsu8AubgiK-REeCR9CVqG1LGmyCVAJx4	2025-11-14 15:15:15.200446+00
vmtzqs025ek0r2agvznmj68aw9kvisrs	.eJxVjEEOwiAQRe_C2hCgFIpL956BzDCDVA0kpV0Z765NutDtf-_9l4iwrSVunZc4kzgLLU6_G0J6cN0B3aHemkytrsuMclfkQbu8NuLn5XD_Dgr08q3ZGZrYTkSYgS1rBm_ROrbaYyDtMwQyDtyAY_DKAKswjMYRalAqJ_H-AAvTOIs:1vExYR:XVAhW1IHvJ1VdAehYb0iW7lvro4wgNV0-98tv6OXVwI	2025-11-14 22:25:07.236028+00
2ffiqtu8jty8jrxm66av7dutakunlhtn	.eJxVjEEOwiAQRe_C2hCgFIpL956BzDCDVA0kpV0Z765NutDtf-_9l4iwrSVunZc4kzgLLU6_G0J6cN0B3aHemkytrsuMclfkQbu8NuLn5XD_Dgr08q3ZGZrYTkSYgS1rBm_ROrbaYyDtMwQyDtyAY_DKAKswjMYRalAqJ_H-AAvTOIs:1vExr3:lyxsccTRBZBG9HQQjmOzYFz5C6OXnY13VIzulKaHVH4	2025-11-14 22:44:21.465175+00
ch0wa7f0hiwtgxk4154ftjs96hlt7zr6	.eJxVjEEOwiAQRe_C2hCgFIpL956BzDCDVA0kpV0Z765NutDtf-_9l4iwrSVunZc4kzgLLU6_G0J6cN0B3aHemkytrsuMclfkQbu8NuLn5XD_Dgr08q3ZGZrYTkSYgS1rBm_ROrbaYyDtMwQyDtyAY_DKAKswjMYRalAqJ_H-AAvTOIs:1vFCwW:Lq6BXHZlnlbaiqQhYnTCBmf0J5amtx48Lk8selnMRGU	2025-11-15 14:51:00.289913+00
h0vqndusaghx6qbrk4ev80oy5l3j6dvp	.eJxVjEEOwiAQRe_C2hCgFIpL956BzDCDVA0kpV0Z765NutDtf-_9l4iwrSVunZc4kzgLLU6_G0J6cN0B3aHemkytrsuMclfkQbu8NuLn5XD_Dgr08q3ZGZrYTkSYgS1rBm_ROrbaYyDtMwQyDtyAY_DKAKswjMYRalAqJ_H-AAvTOIs:1vFDDa:6ZlqLRKZy1MZMbxJEcmR9Ic6DnFOCojouyt9iSxDVWQ	2025-11-15 15:08:38.749938+00
quz0rrc3un48ak7yumc90bhetm8m6b6e	.eJxVjEEOwiAQRe_C2hCgFIpL956BzDCDVA0kpV0Z765NutDtf-_9l4iwrSVunZc4kzgLLU6_G0J6cN0B3aHemkytrsuMclfkQbu8NuLn5XD_Dgr08q3ZGZrYTkSYgS1rBm_ROrbaYyDtMwQyDtyAY_DKAKswjMYRalAqJ_H-AAvTOIs:1vFDmr:oHvdZaaCzErMR8FpHflvdI7k463d5iMQtrqldQZwC5k	2025-11-15 15:45:05.254862+00
1ob19e9grnwlyucjtfwur8mpf4mlay7o	.eJxVjEEOwiAQRe_C2hCgFIpL956BzDCDVA0kpV0Z765NutDtf-_9l4iwrSVunZc4kzgLLU6_G0J6cN0B3aHemkytrsuMclfkQbu8NuLn5XD_Dgr08q3ZGZrYTkSYgS1rBm_ROrbaYyDtMwQyDtyAY_DKAKswjMYRalAqJ_H-AAvTOIs:1vFEFy:9mayBh3sSfRydkMsoJU2zd0ZaMWEfmyEkvQXLG-6iVY	2025-11-15 16:15:10.402298+00
rpy4cn2uxovup2ngb10a76eret24pkpn	.eJxVjEEOwiAQRe_C2hCgFIpL956BzDCDVA0kpV0Z765NutDtf-_9l4iwrSVunZc4kzgLLU6_G0J6cN0B3aHemkytrsuMclfkQbu8NuLn5XD_Dgr08q3ZGZrYTkSYgS1rBm_ROrbaYyDtMwQyDtyAY_DKAKswjMYRalAqJ_H-AAvTOIs:1vFLxx:6zAS2Se-79xKgvnm31ZTVexiEN3i2f88ScnIK0CHq5o	2025-11-16 00:29:05.058388+00
k9f643pejv0mrp3dp8ahkhjes014fa7w	.eJxVjEEOwiAQRe_C2hCgFIpL956BzDCDVA0kpV0Z765NutDtf-_9l4iwrSVunZc4kzgLLU6_G0J6cN0B3aHemkytrsuMclfkQbu8NuLn5XD_Dgr08q3ZGZrYTkSYgS1rBm_ROrbaYyDtMwQyDtyAY_DKAKswjMYRalAqJ_H-AAvTOIs:1vFZcS:PpHU5QGCJvAYf_P0h00uG43LzBny0Ik4s-QAdzwSq4Q	2025-11-16 15:03:48.832186+00
f596holw4mjnc4c80b6tmirnojos9uxg	.eJxVjEEOwiAQRe_C2hCgFIpL956BzDCDVA0kpV0Z765NutDtf-_9l4iwrSVunZc4kzgLLU6_G0J6cN0B3aHemkytrsuMclfkQbu8NuLn5XD_Dgr08q3ZGZrYTkSYgS1rBm_ROrbaYyDtMwQyDtyAY_DKAKswjMYRalAqJ_H-AAvTOIs:1vFZgN:J1Ta6ip7Rup7MZ7xgqACSIBo2p6jwjfGBOatvG8L08U	2025-11-16 15:07:51.455409+00
duof9e7b09917tygz8btriatffoq7ffv	.eJxVjEEOwiAQRe_C2hCgFIpL956BzDCDVA0kpV0Z765NutDtf-_9l4iwrSVunZc4kzgLLU6_G0J6cN0B3aHemkytrsuMclfkQbu8NuLn5XD_Dgr08q3ZGZrYTkSYgS1rBm_ROrbaYyDtMwQyDtyAY_DKAKswjMYRalAqJ_H-AAvTOIs:1vFa1z:iLP2ADhpp3LkV11XONXCLDafcpgBkxKuTunufSx_2tI	2025-11-16 15:30:11.50212+00
atiwetpps31tfapyy9riua6u7pb7gq6f	.eJxVjEEOwiAQRe_C2hCgFIpL956BzDCDVA0kpV0Z765NutDtf-_9l4iwrSVunZc4kzgLLU6_G0J6cN0B3aHemkytrsuMclfkQbu8NuLn5XD_Dgr08q3ZGZrYTkSYgS1rBm_ROrbaYyDtMwQyDtyAY_DKAKswjMYRalAqJ_H-AAvTOIs:1vFaGj:z006wYr66y0DmLuOMw89ujFnO-d-6GwhLGIfSNw_HL4	2025-11-16 15:45:25.264482+00
r9e8c5xu5yalkl1az9xflbsv2ezz0v2l	.eJxVjEEOwiAQRe_C2hCgFIpL956BzDCDVA0kpV0Z765NutDtf-_9l4iwrSVunZc4kzgLLU6_G0J6cN0B3aHemkytrsuMclfkQbu8NuLn5XD_Dgr08q3ZGZrYTkSYgS1rBm_ROrbaYyDtMwQyDtyAY_DKAKswjMYRalAqJ_H-AAvTOIs:1vFaZB:r6jv_bDhWqgMHox_AKesYuPTRVCWmXaCkHvTgYLSmJU	2025-11-16 16:04:29.189693+00
8inq8i7zmg4x24emaq0xv8kbeua1b4to	.eJxVjEEOwiAQRe_C2hCgFIpL956BzDCDVA0kpV0Z765NutDtf-_9l4iwrSVunZc4kzgLLU6_G0J6cN0B3aHemkytrsuMclfkQbu8NuLn5XD_Dgr08q3ZGZrYTkSYgS1rBm_ROrbaYyDtMwQyDtyAY_DKAKswjMYRalAqJ_H-AAvTOIs:1vFbvL:iepXtvqsw9ByXYI4FAyLa-h7NP83YTi6aSXjza0zuuw	2025-11-16 17:31:27.118617+00
gw3a244a351humddxv04s1ittv19brt5	.eJxVjEEOwiAQRe_C2hCgFIpL956BzDCDVA0kpV0Z765NutDtf-_9l4iwrSVunZc4kzgLLU6_G0J6cN0B3aHemkytrsuMclfkQbu8NuLn5XD_Dgr08q3ZGZrYTkSYgS1rBm_ROrbaYyDtMwQyDtyAY_DKAKswjMYRalAqJ_H-AAvTOIs:1vFcJV:mZZYrwcXd0d05RigfNiRL85PZiUwVimMiLxDbD3kqyo	2025-11-16 17:56:25.917376+00
jqcyi85apg2j2v6fvircss9tbjprja6c	.eJxVjEEOwiAQRe_C2hCgFIpL956BzDCDVA0kpV0Z765NutDtf-_9l4iwrSVunZc4kzgLLU6_G0J6cN0B3aHemkytrsuMclfkQbu8NuLn5XD_Dgr08q3ZGZrYTkSYgS1rBm_ROrbaYyDtMwQyDtyAY_DKAKswjMYRalAqJ_H-AAvTOIs:1vFcbG:p2pZ-bSBfbCqR_0rJk23GLn0wzfbtrC4f2nGgt4Oe_A	2025-11-16 18:14:46.03925+00
e01vuqeqavfr5gsp75fbai7i6c3dpjfz	.eJxVjEEOwiAQRe_C2hCgFIpL956BzDCDVA0kpV0Z765NutDtf-_9l4iwrSVunZc4kzgLLU6_G0J6cN0B3aHemkytrsuMclfkQbu8NuLn5XD_Dgr08q3ZGZrYTkSYgS1rBm_ROrbaYyDtMwQyDtyAY_DKAKswjMYRalAqJ_H-AAvTOIs:1vFd0e:T7M1rWWn0ABl8VzXVFR8661tqsJCb6Mc3sn3cRZwn6I	2025-11-16 18:41:00.514702+00
9him8r8m8ezx0foh79slp0m2er8zpzx3	.eJxVjEEOwiAQRe_C2hCgFIpL956BzDCDVA0kpV0Z765NutDtf-_9l4iwrSVunZc4kzgLLU6_G0J6cN0B3aHemkytrsuMclfkQbu8NuLn5XD_Dgr08q3ZGZrYTkSYgS1rBm_ROrbaYyDtMwQyDtyAY_DKAKswjMYRalAqJ_H-AAvTOIs:1vFdLF:D5D_8dyoa6sQnhRZ8VhrKWL6oQVKzZpklSvN_p47JLQ	2025-11-16 19:02:17.656746+00
yid23ovrybox8u5w4qm137rjiyjrnv2p	.eJxVjEEOwiAQRe_C2hCgFIpL956BzDCDVA0kpV0Z765NutDtf-_9l4iwrSVunZc4kzgLLU6_G0J6cN0B3aHemkytrsuMclfkQbu8NuLn5XD_Dgr08q3ZGZrYTkSYgS1rBm_ROrbaYyDtMwQyDtyAY_DKAKswjMYRalAqJ_H-AAvTOIs:1vFdb9:zybLM98a8hSB8yfmGc6mkK4vaFS9ZegZWl-VtVfn6P8	2025-11-16 19:18:43.657744+00
ptrq2zcf1mvjw7n7c6wfbf5xo8ntqt93	.eJxVjEEOwiAQRe_C2hCgFIpL956BzDCDVA0kpV0Z765NutDtf-_9l4iwrSVunZc4kzgLLU6_G0J6cN0B3aHemkytrsuMclfkQbu8NuLn5XD_Dgr08q3ZGZrYTkSYgS1rBm_ROrbaYyDtMwQyDtyAY_DKAKswjMYRalAqJ_H-AAvTOIs:1vFdsu:vTs_mNsbjWs6FObAurpXi8cnWetEUGlmFGwpVGNfSYE	2025-11-16 19:37:04.741962+00
\.


--
-- Data for Name: players_acudiente; Type: TABLE DATA; Schema: public; Owner: myprojectuser
--

COPY public.players_acudiente (id, nombre, documento, correo, direccion, profesion, created_at, updated_at) FROM stdin;
22	alejo					2025-11-02 19:09:23.233095+00	2025-11-02 19:09:23.233118+00
\.


--
-- Data for Name: players_category; Type: TABLE DATA; Schema: public; Owner: myprojectuser
--

COPY public.players_category (id, name) FROM stdin;
1	ALEVIN
2	BENJAMIN
\.


--
-- Data for Name: players_player; Type: TABLE DATA; Schema: public; Owner: myprojectuser
--

COPY public.players_player (id, nombre, fecha_nacimiento, documento, acudiente, estrato, jornada, sede, created_at, updated_at, category_id) FROM stdin;
37	alex	2001-08-05		alejo				2025-11-02 19:09:23.28068+00	2025-11-02 20:14:33.096775+00	\N
\.


--
-- Data for Name: token_blacklist_blacklistedtoken; Type: TABLE DATA; Schema: public; Owner: myprojectuser
--

COPY public.token_blacklist_blacklistedtoken (id, blacklisted_at, token_id) FROM stdin;
\.


--
-- Data for Name: token_blacklist_outstandingtoken; Type: TABLE DATA; Schema: public; Owner: myprojectuser
--

COPY public.token_blacklist_outstandingtoken (id, token, created_at, expires_at, user_id, jti) FROM stdin;
1	eyJhbGciOiJIUzI1NiIsInR5cCI6IkpXVCJ9.eyJ0b2tlbl90eXBlIjoicmVmcmVzaCIsImV4cCI6MTc2MjA5OTYxOCwiaWF0IjoxNzYxNDk0ODE4LCJqdGkiOiI5ZDYyYmMyMjAxMWM0YjdmYWUxOTRjY2E3NWM2ZmEzMyIsInVzZXJfaWQiOiIxIn0.ZC5czHjrj7gErB66gXkPu3WSrjDhdQi6xzLsDgu59ic	2025-10-26 16:06:58.791433+00	2025-11-02 16:06:58+00	1	9d62bc22011c4b7fae194cca75c6fa33
2	eyJhbGciOiJIUzI1NiIsInR5cCI6IkpXVCJ9.eyJ0b2tlbl90eXBlIjoicmVmcmVzaCIsImV4cCI6MTc2MjA5OTk5MiwiaWF0IjoxNzYxNDk1MTkyLCJqdGkiOiJmNjg5YTAyMTE5ZDY0YTg4OWY1YjczZWZiNmU5NTA1YSIsInVzZXJfaWQiOiIxIn0.HIeZFBgV3WUQHG7vwqeKWFKjaVeYfiPDpCQQtkxMUmM	2025-10-26 16:13:12.28525+00	2025-11-02 16:13:12+00	1	f689a02119d64a889f5b73efb6e9505a
3	eyJhbGciOiJIUzI1NiIsInR5cCI6IkpXVCJ9.eyJ0b2tlbl90eXBlIjoicmVmcmVzaCIsImV4cCI6MTc2MjE5OTMyNywiaWF0IjoxNzYxNTk0NTI3LCJqdGkiOiI1YjMxNjdjZDEzOWE0MmM4ODA3NDMyMjM5NTE0ODdiMCIsInVzZXJfaWQiOiIxIn0.xGw04d6FP0P2yjQcRp5G5PrdIv-6jkhZWI0zWFTGtaQ	2025-10-27 19:48:47.29997+00	2025-11-03 19:48:47+00	1	5b3167cd139a42c880743223951487b0
4	eyJhbGciOiJIUzI1NiIsInR5cCI6IkpXVCJ9.eyJ0b2tlbl90eXBlIjoicmVmcmVzaCIsImV4cCI6MTc2MjE5OTM0OCwiaWF0IjoxNzYxNTk0NTQ4LCJqdGkiOiJiZjUxZTU5YTdhMzg0YTk1YWNiMzBmZWYxNWYxZjQwNyIsInVzZXJfaWQiOiIxIn0.PqJG31WWbIguCcQ7nAeB1pDMEjtitGGd89f6puBcgmU	2025-10-27 19:49:08.015256+00	2025-11-03 19:49:08+00	1	bf51e59a7a384a95acb30fef15f1f407
5	eyJhbGciOiJIUzI1NiIsInR5cCI6IkpXVCJ9.eyJ0b2tlbl90eXBlIjoicmVmcmVzaCIsImV4cCI6MTc2MjIwMTQxOSwiaWF0IjoxNzYxNTk2NjE5LCJqdGkiOiI2YTI0Mjg1ODYxYjQ0YTNkOTI2NmFkMzA5ZTNlNDY5YSIsInVzZXJfaWQiOiIxIn0.Q3IQR_fPJc2a1LXFJJrPkpqZvVSys9RUIbbFLJDCIf4	2025-10-27 20:23:39.88817+00	2025-11-03 20:23:39+00	1	6a24285861b44a3d9266ad309e3e469a
6	eyJhbGciOiJIUzI1NiIsInR5cCI6IkpXVCJ9.eyJ0b2tlbl90eXBlIjoicmVmcmVzaCIsImV4cCI6MTc2MjIwMjkzMSwiaWF0IjoxNzYxNTk4MTMxLCJqdGkiOiI3N2QwMmJhMjFmZDA0OGE4YmQ3NDE5Y2ZkNGU1MTZhNiIsInVzZXJfaWQiOiIxIn0.rUzjceoogGsNIBEHm97z5zaQqn2G1GRYY7gvz-ELMUA	2025-10-27 20:48:51.899177+00	2025-11-03 20:48:51+00	1	77d02ba21fd048a8bd7419cfd4e516a6
7	eyJhbGciOiJIUzI1NiIsInR5cCI6IkpXVCJ9.eyJ0b2tlbl90eXBlIjoicmVmcmVzaCIsImV4cCI6MTc2MjIwMjk1MiwiaWF0IjoxNzYxNTk4MTUyLCJqdGkiOiI0NzUxMWVkZTY2OWM0ZGQxOTI3OTVmNWQxOGMyZGQ0YiIsInVzZXJfaWQiOiIxIn0.q_A36mqusm37s6XQ8pznuGRWCvAQ1SBX3ojT6cF3RDo	2025-10-27 20:49:12.170588+00	2025-11-03 20:49:12+00	1	47511ede669c4dd192795f5d18c2dd4b
8	eyJhbGciOiJIUzI1NiIsInR5cCI6IkpXVCJ9.eyJ0b2tlbl90eXBlIjoicmVmcmVzaCIsImV4cCI6MTc2MjIwMjk3OCwiaWF0IjoxNzYxNTk4MTc4LCJqdGkiOiI5YWU3NDQzMzhlNjQ0MTFjYTQ1NDRlOWI1NDczYTA3OSIsInVzZXJfaWQiOiIxIn0.fLBN9ohV-F8nkzy-nuxHxHPBCQosvTZw2x_VzAWkSAg	2025-10-27 20:49:38.638494+00	2025-11-03 20:49:38+00	1	9ae744338e64411ca4544e9b5473a079
9	eyJhbGciOiJIUzI1NiIsInR5cCI6IkpXVCJ9.eyJ0b2tlbl90eXBlIjoicmVmcmVzaCIsImV4cCI6MTc2MjIwMzQxNCwiaWF0IjoxNzYxNTk4NjE0LCJqdGkiOiJiZjc5NTc2MThlZTI0MDYzYmM2YzExNzkwZTA1ZWIwNCIsInVzZXJfaWQiOiIxIn0.pj5ln22c7svAvYCXiI5U3UB0-G3zVl_exDqkX21gp18	2025-10-27 20:56:54.918268+00	2025-11-03 20:56:54+00	1	bf7957618ee24063bc6c11790e05eb04
10	eyJhbGciOiJIUzI1NiIsInR5cCI6IkpXVCJ9.eyJ0b2tlbl90eXBlIjoicmVmcmVzaCIsImV4cCI6MTc2MjIwNTYxOSwiaWF0IjoxNzYxNjAwODE5LCJqdGkiOiJhMjFhYmU0YzE0ZGM0NzdjODZjMTVmMzNiZjE0NmUxMSIsInVzZXJfaWQiOiIxIn0.WyOcLbODQZ9msEvo4pAvvMKfoHNl0F5nAgmrmRRzh1Y	2025-10-27 21:33:39.426588+00	2025-11-03 21:33:39+00	1	a21abe4c14dc477c86c15f33bf146e11
11	eyJhbGciOiJIUzI1NiIsInR5cCI6IkpXVCJ9.eyJ0b2tlbl90eXBlIjoicmVmcmVzaCIsImV4cCI6MTc2MjIwNTY3MiwiaWF0IjoxNzYxNjAwODcyLCJqdGkiOiI4MGE3Nzc3NzZlZGI0OWNiOWI3OTE3MzY3MmIxMTcyYSIsInVzZXJfaWQiOiIxIn0.zPtg7UvHUHjqBu9gkolU8HCsg-A2xmDCrLt1FqcBHLo	2025-10-27 21:34:32.38635+00	2025-11-03 21:34:32+00	1	80a777776edb49cb9b79173672b1172a
12	eyJhbGciOiJIUzI1NiIsInR5cCI6IkpXVCJ9.eyJ0b2tlbl90eXBlIjoicmVmcmVzaCIsImV4cCI6MTc2MjIwNzQ3NSwiaWF0IjoxNzYxNjAyNjc1LCJqdGkiOiI5YTMyNWM0ZDFjYzM0NmI0YmZmZDExZmNlNTQ2NmVmNCIsInVzZXJfaWQiOiIxIn0.BATmF9JjplFN1Tx1pw__3nmao8NCItar-A68115jXIA	2025-10-27 22:04:35.032712+00	2025-11-03 22:04:35+00	1	9a325c4d1cc346b4bffd11fce5466ef4
13	eyJhbGciOiJIUzI1NiIsInR5cCI6IkpXVCJ9.eyJ0b2tlbl90eXBlIjoicmVmcmVzaCIsImV4cCI6MTc2MjUyMjU1OCwiaWF0IjoxNzYxOTE3NzU4LCJqdGkiOiIyZGEyMjM0YWU3ZmU0ZGNiYmRiNjA2MDNhOTE1MWM4ZCIsInVzZXJfaWQiOiIxIn0.FYiBqlJkHKUTzkmOGyFgZSqzENpk8a9oNtpf_98vq04	2025-10-31 13:35:58.562176+00	2025-11-07 13:35:58+00	1	2da2234ae7fe4dcbbdb60603a9151c8d
14	eyJhbGciOiJIUzI1NiIsInR5cCI6IkpXVCJ9.eyJ0b2tlbl90eXBlIjoicmVmcmVzaCIsImV4cCI6MTc2MjUyMzQyMSwiaWF0IjoxNzYxOTE4NjIxLCJqdGkiOiI4ZGVhM2M3M2UyNzI0YTBhYWJhNTVhM2Y4OGJhYWRkNSIsInVzZXJfaWQiOiIxIn0.gKruXCfd0f0gCunYRl9o_x1W90kAh1ji9oOf7U7Qg3A	2025-10-31 13:50:21.739429+00	2025-11-07 13:50:21+00	1	8dea3c73e2724a0aaba55a3f88baadd5
15	eyJhbGciOiJIUzI1NiIsInR5cCI6IkpXVCJ9.eyJ0b2tlbl90eXBlIjoicmVmcmVzaCIsImV4cCI6MTc2MjUyNTY2NywiaWF0IjoxNzYxOTIwODY3LCJqdGkiOiIxYzYzOWRiMWRiYWE0M2EzOTg2MWQ2ZjNkODk3NzA5OCIsInVzZXJfaWQiOiIyIn0.Er-KUROKwdydYuelbBiCkJnktFhf_GT2hYmj25uwAt4	2025-10-31 14:27:47.604251+00	2025-11-07 14:27:47+00	2	1c639db1dbaa43a39861d6f3d8977098
16	eyJhbGciOiJIUzI1NiIsInR5cCI6IkpXVCJ9.eyJ0b2tlbl90eXBlIjoicmVmcmVzaCIsImV4cCI6MTc2MjUyNzczNCwiaWF0IjoxNzYxOTIyOTM0LCJqdGkiOiIzZDQ1YTcxNmEyZTg0ODBlYmIyNDJmMTAwNWVjZTA2ZSIsInVzZXJfaWQiOiIxIn0.UerIbYG7IgBkx25IRt5xgmd3F2yI7dY3vprxQfftSag	2025-10-31 15:02:14.315627+00	2025-11-07 15:02:14+00	1	3d45a716a2e8480ebb242f1005ece06e
17	eyJhbGciOiJIUzI1NiIsInR5cCI6IkpXVCJ9.eyJ0b2tlbl90eXBlIjoicmVmcmVzaCIsImV4cCI6MTc2MjUyNzc1NCwiaWF0IjoxNzYxOTIyOTU0LCJqdGkiOiIyY2I0OWQyNWY5MmI0NGIwODcxNmYyNWQ1MTE2MzVlNCIsInVzZXJfaWQiOiIxIn0.lWU6l7ERaGnZDvQpquPsx7AEiYmrGTKkX9Y0z6fCkhY	2025-10-31 15:02:34.643202+00	2025-11-07 15:02:34+00	1	2cb49d25f92b44b08716f25d511635e4
18	eyJhbGciOiJIUzI1NiIsInR5cCI6IkpXVCJ9.eyJ0b2tlbl90eXBlIjoicmVmcmVzaCIsImV4cCI6MTc2MjUyNzc3NCwiaWF0IjoxNzYxOTIyOTc0LCJqdGkiOiI1MjQ3ZGIwZGE3NzI0YjRjOGM2YjlhMzQ1MGU0ZjQ5MCIsInVzZXJfaWQiOiIxIn0.Cn2I-A7ZBXedBPc-MFFkMcK2ARpP3CtFmFtSTWXDvqM	2025-10-31 15:02:54.896742+00	2025-11-07 15:02:54+00	1	5247db0da7724b4c8c6b9a3450e4f490
19	eyJhbGciOiJIUzI1NiIsInR5cCI6IkpXVCJ9.eyJ0b2tlbl90eXBlIjoicmVmcmVzaCIsImV4cCI6MTc2MjUyODE1MywiaWF0IjoxNzYxOTIzMzUzLCJqdGkiOiJiZjNmMjhlNzdmMTM0YmRhOTg4MDYwYTI4ODE5ZjQ3ZSIsInVzZXJfaWQiOiIxIn0.kXh1MGTre6UX4fHQochCHT86_d4-xnmdEcJglyuS51U	2025-10-31 15:09:13.682988+00	2025-11-07 15:09:13+00	1	bf3f28e77f134bda988060a28819f47e
20	eyJhbGciOiJIUzI1NiIsInR5cCI6IkpXVCJ9.eyJ0b2tlbl90eXBlIjoicmVmcmVzaCIsImV4cCI6MTc2MjUyODY5OSwiaWF0IjoxNzYxOTIzODk5LCJqdGkiOiI1ZGRmOTE0OGE4OWI0NjYzOGMyOTc4MDY5YWViMzczMSIsInVzZXJfaWQiOiIxIn0.3mx-JIoBlkLBR6oQqVhONOwG3lM-pnPfy-LsM8TP0FE	2025-10-31 15:18:19.873066+00	2025-11-07 15:18:19+00	1	5ddf9148a89b46638c2978069aeb3731
21	eyJhbGciOiJIUzI1NiIsInR5cCI6IkpXVCJ9.eyJ0b2tlbl90eXBlIjoicmVmcmVzaCIsImV4cCI6MTc2MjU1MjAxNiwiaWF0IjoxNzYxOTQ3MjE2LCJqdGkiOiJhNDlmYThkMzI4ZDA0MzhkODY3MTRkZTU0N2NiZTc2YSIsInVzZXJfaWQiOiIxIn0.IJMyh6EpQI2pvjDJuLlckPwdTZcbt7xhuyNiQQUSuzc	2025-10-31 21:46:56.07364+00	2025-11-07 21:46:56+00	1	a49fa8d328d0438d86714de547cbe76a
22	eyJhbGciOiJIUzI1NiIsInR5cCI6IkpXVCJ9.eyJ0b2tlbl90eXBlIjoicmVmcmVzaCIsImV4cCI6MTc2MjU1MjMxMywiaWF0IjoxNzYxOTQ3NTEzLCJqdGkiOiI0NjBjYjRiNTMyNWQ0NGUzYWY3OTRhNWE1NTAyZWQ1ZSIsInVzZXJfaWQiOiIxIn0.Hoxq3fNqs_VNu4HhSAgvK_sNENpeHzi3Jxf3RXEDt0E	2025-10-31 21:51:53.761721+00	2025-11-07 21:51:53+00	1	460cb4b5325d44e3af794a5a5502ed5e
23	eyJhbGciOiJIUzI1NiIsInR5cCI6IkpXVCJ9.eyJ0b2tlbl90eXBlIjoicmVmcmVzaCIsImV4cCI6MTc2MjU1NDE0NCwiaWF0IjoxNzYxOTQ5MzQ0LCJqdGkiOiJkMTY1NzExMjBmMTA0ODQyYjRhNmIwM2I3YTQ3MTEwOSIsInVzZXJfaWQiOiIxIn0.iuKRkfWACRD13P7-ko_Q8jaI1IZZrYJ6BiBgvaiM8fs	2025-10-31 22:22:24.26873+00	2025-11-07 22:22:24+00	1	d16571120f104842b4a6b03b7a471109
24	eyJhbGciOiJIUzI1NiIsInR5cCI6IkpXVCJ9.eyJ0b2tlbl90eXBlIjoicmVmcmVzaCIsImV4cCI6MTc2MjU1NTQzOSwiaWF0IjoxNzYxOTUwNjM5LCJqdGkiOiIxMDgxNmVhYjkzYmI0NzBhOGI2Nzk3Njg1ZTgyZjFjYSIsInVzZXJfaWQiOiIxIn0.dC8kPT9kYV3ul_GEBM6GAMmEKKi3byHT3yEvtLMd8TQ	2025-10-31 22:43:59.662337+00	2025-11-07 22:43:59+00	1	10816eab93bb470a8b6797685e82f1ca
25	eyJhbGciOiJIUzI1NiIsInR5cCI6IkpXVCJ9.eyJ0b2tlbl90eXBlIjoicmVmcmVzaCIsImV4cCI6MTc2MjYxMjQzMywiaWF0IjoxNzYyMDA3NjMzLCJqdGkiOiIwNzdhNzdmMDNkNjQ0MDU1YmZiZGVhOGI4YjY3MTg1NyIsInVzZXJfaWQiOiIxIn0.5ZlYt4SEiD99JiLiFSNLtUvKqfTgAc9vPG5-WmZBjqU	2025-11-01 14:33:53.432707+00	2025-11-08 14:33:53+00	1	077a77f03d644055bfbdea8b8b671857
26	eyJhbGciOiJIUzI1NiIsInR5cCI6IkpXVCJ9.eyJ0b2tlbl90eXBlIjoicmVmcmVzaCIsImV4cCI6MTc2MjYxMzQ0NCwiaWF0IjoxNzYyMDA4NjQ0LCJqdGkiOiJlODBhN2Q3MzNiZDQ0ZGU3OTIzYWIzN2Y4ZjQ5ZjI3ZSIsInVzZXJfaWQiOiIxIn0.Xxj1sHUAZJrSF-zv2t7SNdBGpG2mv1BLaK-cpaTyHfA	2025-11-01 14:50:44.373848+00	2025-11-08 14:50:44+00	1	e80a7d733bd44de7923ab37f8f49f27e
27	eyJhbGciOiJIUzI1NiIsInR5cCI6IkpXVCJ9.eyJ0b2tlbl90eXBlIjoicmVmcmVzaCIsImV4cCI6MTc2MjYxNDUwMywiaWF0IjoxNzYyMDA5NzAzLCJqdGkiOiI1ZjU1MTk2ZmVhMGU0OTZkODY0MzU3ZTY3NGNmMTBmZiIsInVzZXJfaWQiOiIxIn0.UTLRBVihxh8XNYRbFLXe1Fr-n_0y8zEYloO-D1s_jV4	2025-11-01 15:08:23.067146+00	2025-11-08 15:08:23+00	1	5f55196fea0e496d864357e674cf10ff
28	eyJhbGciOiJIUzI1NiIsInR5cCI6IkpXVCJ9.eyJ0b2tlbl90eXBlIjoicmVmcmVzaCIsImV4cCI6MTc2MjYxNTI3NywiaWF0IjoxNzYyMDEwNDc3LCJqdGkiOiJiZGZkN2Q2YTI4ZmM0NzAyYjA4YTkyMWE4N2ExYWMwOCIsInVzZXJfaWQiOiIxIn0.KiuolSlgYFcepLzLBgx81Z6IWKHPqcrXmvLuYXBnRis	2025-11-01 15:21:17.08409+00	2025-11-08 15:21:17+00	1	bdfd7d6a28fc4702b08a921a87a1ac08
29	eyJhbGciOiJIUzI1NiIsInR5cCI6IkpXVCJ9.eyJ0b2tlbl90eXBlIjoicmVmcmVzaCIsImV4cCI6MTc2MjYxNjU0OSwiaWF0IjoxNzYyMDExNzQ5LCJqdGkiOiI2NGE5Njk1OThjMzE0MjkyYmU5ZjZmYTNlYTMyZTFjMSIsInVzZXJfaWQiOiIxIn0.vXGjw8ik38M2qyUYmKMyGuONfrq_uL6WmH69GKJ0YsY	2025-11-01 15:42:29.694372+00	2025-11-08 15:42:29+00	1	64a969598c314292be9f6fa3ea32e1c1
30	eyJhbGciOiJIUzI1NiIsInR5cCI6IkpXVCJ9.eyJ0b2tlbl90eXBlIjoicmVmcmVzaCIsImV4cCI6MTc2MjYxODQ0NSwiaWF0IjoxNzYyMDEzNjQ1LCJqdGkiOiI5OGVkOTdjNGIzNDU0NTMzYmJlODIyZDVlYTlmZDQwMSIsInVzZXJfaWQiOiIxIn0.lgGboXaJtASZcKhoSDZxN83bpw0ggsITrgPdAHIOkGo	2025-11-01 16:14:05.122296+00	2025-11-08 16:14:05+00	1	98ed97c4b3454533bbe822d5ea9fd401
31	eyJhbGciOiJIUzI1NiIsInR5cCI6IkpXVCJ9.eyJ0b2tlbl90eXBlIjoicmVmcmVzaCIsImV4cCI6MTc2MjYxOTU2MywiaWF0IjoxNzYyMDE0NzYzLCJqdGkiOiIzYWY1ZDVhOGZiOGM0ODJkODAyMThmMGVlMDIwNTE5NSIsInVzZXJfaWQiOiIxIn0.6AFRUw11S70D3Y9E2MxMwk5qF2we31yzKGlc0ZL4_0E	2025-11-01 16:32:43.058458+00	2025-11-08 16:32:43+00	1	3af5d5a8fb8c482d80218f0ee0205195
32	eyJhbGciOiJIUzI1NiIsInR5cCI6IkpXVCJ9.eyJ0b2tlbl90eXBlIjoicmVmcmVzaCIsImV4cCI6MTc2MjY0ODExNCwiaWF0IjoxNzYyMDQzMzE0LCJqdGkiOiJiZDk4YmViOWU1OTM0ODg4YWNjZDhlZjdjMmU0YjYxNSIsInVzZXJfaWQiOiIxIn0.NAdomSXIV_8PAi9OCBf7_Jgnqo5Zz_QH0y5bNaBRFWI	2025-11-02 00:28:34.143296+00	2025-11-09 00:28:34+00	1	bd98beb9e5934888accd8ef7c2e4b615
33	eyJhbGciOiJIUzI1NiIsInR5cCI6IkpXVCJ9.eyJ0b2tlbl90eXBlIjoicmVmcmVzaCIsImV4cCI6MTc2MjY5NzM0NywiaWF0IjoxNzYyMDkyNTQ3LCJqdGkiOiJmMzcyNTAyMzE5NjY0MWI1YTE2ODRiMWQwYTFhN2M0YSIsInVzZXJfaWQiOiIxIn0.l1BXhqB5Nh_DqlJy4YYRyZLznLnSOCy2DJZW3V6_1vU	2025-11-02 14:09:07.321584+00	2025-11-09 14:09:07+00	1	f3725023196641b5a1684b1d0a1a7c4a
34	eyJhbGciOiJIUzI1NiIsInR5cCI6IkpXVCJ9.eyJ0b2tlbl90eXBlIjoicmVmcmVzaCIsImV4cCI6MTc2MjY5OTcxOSwiaWF0IjoxNzYyMDk0OTE5LCJqdGkiOiJhZWY3MjQ3NWU3NTA0NzhiYThjOWJhMjJmNDMyM2FiNiIsInVzZXJfaWQiOiIxIn0.itYTAKoPRJR5UJQRTh8L-m3QuoUJuKHKS3uVnqIZUQo	2025-11-02 14:48:39.701463+00	2025-11-09 14:48:39+00	1	aef72475e750478ba8c9ba22f4323ab6
35	eyJhbGciOiJIUzI1NiIsInR5cCI6IkpXVCJ9.eyJ0b2tlbl90eXBlIjoicmVmcmVzaCIsImV4cCI6MTc2MjcwMDg2MSwiaWF0IjoxNzYyMDk2MDYxLCJqdGkiOiIxYzUzODFjYzBjZjc0NmM4OTgwNzE4MDVlNmViM2M3YiIsInVzZXJfaWQiOiIxIn0.xo_mshsM_rvwrz-rf6RU2F4rROTXgWK0UAAF1gJx-cg	2025-11-02 15:07:41.602368+00	2025-11-09 15:07:41+00	1	1c5381cc0cf746c898071805e6eb3c7b
36	eyJhbGciOiJIUzI1NiIsInR5cCI6IkpXVCJ9.eyJ0b2tlbl90eXBlIjoicmVmcmVzaCIsImV4cCI6MTc2MjcwMjEyMSwiaWF0IjoxNzYyMDk3MzIxLCJqdGkiOiI4YTZmYzMwYmY0MGE0ZDcwODExOGE0Y2U3OTViZWRiMCIsInVzZXJfaWQiOiIxIn0.IvQZ-T9oRSltV8BZcH5wQLYUlB79gpHSplWPW97zF5Y	2025-11-02 15:28:41.221658+00	2025-11-09 15:28:41+00	1	8a6fc30bf40a4d708118a4ce795bedb0
37	eyJhbGciOiJIUzI1NiIsInR5cCI6IkpXVCJ9.eyJ0b2tlbl90eXBlIjoicmVmcmVzaCIsImV4cCI6MTc2MjcwMzEwMSwiaWF0IjoxNzYyMDk4MzAxLCJqdGkiOiI4M2M3MjM5YmZkYTA0NWU4YjNiZWEzYzdiZjEzMmVjOCIsInVzZXJfaWQiOiIxIn0.5iahBvRaMY8xBWZr42sfjVvYTE_YUiCt7h9y27RHk8Q	2025-11-02 15:45:01.998264+00	2025-11-09 15:45:01+00	1	83c7239bfda045e8b3bea3c7bf132ec8
38	eyJhbGciOiJIUzI1NiIsInR5cCI6IkpXVCJ9.eyJ0b2tlbl90eXBlIjoicmVmcmVzaCIsImV4cCI6MTc2MjcwNDI2NiwiaWF0IjoxNzYyMDk5NDY2LCJqdGkiOiI5MTg0OTJhZjU3ZDc0YzAxOTcxMDY4ODA0N2YzMzkyNCIsInVzZXJfaWQiOiIxIn0.qk8DgCB3J0uw1VvY0979E6Jr6LDLEMtO0ZmXvkvcFJY	2025-11-02 16:04:26.50905+00	2025-11-09 16:04:26+00	1	918492af57d74c019710688047f33924
39	eyJhbGciOiJIUzI1NiIsInR5cCI6IkpXVCJ9.eyJ0b2tlbl90eXBlIjoicmVmcmVzaCIsImV4cCI6MTc2MjcwNzk4MywiaWF0IjoxNzYyMTAzMTgzLCJqdGkiOiJlNDM3NmNlMjlmMzg0ZGE3YTVjOGNmNTExY2EwY2MxNCIsInVzZXJfaWQiOiIxIn0.rmdF08KK9ldA0Iyap1t8NaK3bUxNVzJNE_lG62jdquk	2025-11-02 17:06:23.929104+00	2025-11-09 17:06:23+00	1	e4376ce29f384da7a5c8cf511ca0cc14
40	eyJhbGciOiJIUzI1NiIsInR5cCI6IkpXVCJ9.eyJ0b2tlbl90eXBlIjoicmVmcmVzaCIsImV4cCI6MTc2MjcwOTQ4MiwiaWF0IjoxNzYyMTA0NjgyLCJqdGkiOiI2Nzg5NDA4NDFiZjU0MjA0OTI5ZTU2NWIyYjk4ZjRlNSIsInVzZXJfaWQiOiIxIn0.-tm7ztvS9blx081gFVK7OWT7wqVSxLFm-ulv-EI9grQ	2025-11-02 17:31:22.385957+00	2025-11-09 17:31:22+00	1	678940841bf54204929e565b2b98f4e5
41	eyJhbGciOiJIUzI1NiIsInR5cCI6IkpXVCJ9.eyJ0b2tlbl90eXBlIjoicmVmcmVzaCIsImV4cCI6MTc2MjcxMDk3NywiaWF0IjoxNzYyMTA2MTc3LCJqdGkiOiI3OGY3YTA3OWVmYzU0MmE2OTc5NmY1Mzk2YmM4NjlmZiIsInVzZXJfaWQiOiIxIn0.gteoAhANTaKR6bAp826fm3KR9Id9TSdQkjDYkMpzqbM	2025-11-02 17:56:17.361385+00	2025-11-09 17:56:17+00	1	78f7a079efc542a69796f5396bc869ff
42	eyJhbGciOiJIUzI1NiIsInR5cCI6IkpXVCJ9.eyJ0b2tlbl90eXBlIjoicmVmcmVzaCIsImV4cCI6MTc2MjcxMTkyOSwiaWF0IjoxNzYyMTA3MTI5LCJqdGkiOiIzNDJhMTgyMjRhODg0M2IwYTRjNzk4ZGY5MDkzNjhiMyIsInVzZXJfaWQiOiIxIn0.NBNEZ_Ydp7F8wRYl3kFcvw6AVq8grSu73KRxTaf-lrs	2025-11-02 18:12:09.097922+00	2025-11-09 18:12:09+00	1	342a18224a8843b0a4c798df909368b3
43	eyJhbGciOiJIUzI1NiIsInR5cCI6IkpXVCJ9.eyJ0b2tlbl90eXBlIjoicmVmcmVzaCIsImV4cCI6MTc2MjcxMjA1NCwiaWF0IjoxNzYyMTA3MjU0LCJqdGkiOiIxNjVkNWQ3ZWNhMGY0NTdmOWI0MjdiMWZlZDIxZDVlMCIsInVzZXJfaWQiOiIxIn0.Q1Tgm1dEAJcWvz3Ym6mutXBju73DwFsH8chSSS5_WV4	2025-11-02 18:14:14.019042+00	2025-11-09 18:14:14+00	1	165d5d7eca0f457f9b427b1fed21d5e0
44	eyJhbGciOiJIUzI1NiIsInR5cCI6IkpXVCJ9.eyJ0b2tlbl90eXBlIjoicmVmcmVzaCIsImV4cCI6MTc2MjcxMzY1MywiaWF0IjoxNzYyMTA4ODUzLCJqdGkiOiI5OWE1Y2MxNTliOTk0MTY0OTdlMTY1ZjExMjliMWJkMiIsInVzZXJfaWQiOiIxIn0.T2ajY6yQZSspe7ku5YdKFCk2H-ls-MWUaXUCblyr9cA	2025-11-02 18:40:53.824055+00	2025-11-09 18:40:53+00	1	99a5cc159b99416497e165f1129b1bd2
45	eyJhbGciOiJIUzI1NiIsInR5cCI6IkpXVCJ9.eyJ0b2tlbl90eXBlIjoicmVmcmVzaCIsImV4cCI6MTc2MjcxMzg4OCwiaWF0IjoxNzYyMTA5MDg4LCJqdGkiOiIxM2I2NmEwYWI5Njk0YjczYjVmZWYyMDY4MjNlNDliMyIsInVzZXJfaWQiOiIxIn0.-iajb1hP3Oq2pK8JGZIOQj6C0AQHzfGDwiK_0XIhzWw	2025-11-02 18:44:48.826366+00	2025-11-09 18:44:48+00	1	13b66a0ab9694b73b5fef206823e49b3
46	eyJhbGciOiJIUzI1NiIsInR5cCI6IkpXVCJ9.eyJ0b2tlbl90eXBlIjoicmVmcmVzaCIsImV4cCI6MTc2MjcxNDkzNCwiaWF0IjoxNzYyMTEwMTM0LCJqdGkiOiJkMzgyMGZhZDg3ZDM0MjJiOGY1ZDAyMjk1YTA4MWQ2MiIsInVzZXJfaWQiOiIxIn0.KmxYze6RYCOZcmSQRzKgnrUrOZTJ_dprKc0JlTEla8U	2025-11-02 19:02:14.014483+00	2025-11-09 19:02:14+00	1	d3820fad87d3422b8f5d02295a081d62
47	eyJhbGciOiJIUzI1NiIsInR5cCI6IkpXVCJ9.eyJ0b2tlbl90eXBlIjoicmVmcmVzaCIsImV4cCI6MTc2MjcxNTkxNSwiaWF0IjoxNzYyMTExMTE1LCJqdGkiOiJkYmNmODhiZTEzOWI0OWY0YWM1Y2MyNGFjZGQwNDdiZCIsInVzZXJfaWQiOiIxIn0.RXGB1gM8IMRGfdXniAoG2VBEa8UuHLwZfxCpkrB2y2Y	2025-11-02 19:18:35.413616+00	2025-11-09 19:18:35+00	1	dbcf88be139b49f4ac5cc24acdd047bd
48	eyJhbGciOiJIUzI1NiIsInR5cCI6IkpXVCJ9.eyJ0b2tlbl90eXBlIjoicmVmcmVzaCIsImV4cCI6MTc2MjcxNzAxNiwiaWF0IjoxNzYyMTEyMjE2LCJqdGkiOiIzNTQwNGMwN2MxMjY0MGNmYTQ5ZTcxMGQ1NmQ3M2RiMyIsInVzZXJfaWQiOiIxIn0.aWKfkgutBUYZJPmx9hZiH9b5zD1UKSRVz5SYHZPOZyA	2025-11-02 19:36:56.758035+00	2025-11-09 19:36:56+00	1	35404c07c12640cfa49e710d56d73db3
49	eyJhbGciOiJIUzI1NiIsInR5cCI6IkpXVCJ9.eyJ0b2tlbl90eXBlIjoicmVmcmVzaCIsImV4cCI6MTc2MjcxNzY1NSwiaWF0IjoxNzYyMTEyODU1LCJqdGkiOiIwNzkyYTc4NGMzNDU0ZDQ0OGJjYzkxNGQ4ZjdhM2JlZCIsInVzZXJfaWQiOiIxIn0.SCIfJymECQvtsxprSFE4EnJZaxInaDxncAZKJpjZ3MA	2025-11-02 19:47:35.653387+00	2025-11-09 19:47:35+00	1	0792a784c3454d448bcc914d8f7a3bed
50	eyJhbGciOiJIUzI1NiIsInR5cCI6IkpXVCJ9.eyJ0b2tlbl90eXBlIjoicmVmcmVzaCIsImV4cCI6MTc2MjcxOTI2NSwiaWF0IjoxNzYyMTE0NDY1LCJqdGkiOiJlYzdiYzgyNjIwZTk0YTE1YTIwNDMwNGMzNzk5NTFkNCIsInVzZXJfaWQiOiIxIn0.pzdNkNykiC0SB4sOyuWmegQmlhUeUvyb2CypVOnFF-I	2025-11-02 20:14:25.587746+00	2025-11-09 20:14:25+00	1	ec7bc82620e94a15a204304c379951d4
\.


--
-- Name: auth_group_id_seq; Type: SEQUENCE SET; Schema: public; Owner: myprojectuser
--

SELECT pg_catalog.setval('public.auth_group_id_seq', 1, false);


--
-- Name: auth_group_permissions_id_seq; Type: SEQUENCE SET; Schema: public; Owner: myprojectuser
--

SELECT pg_catalog.setval('public.auth_group_permissions_id_seq', 1, false);


--
-- Name: auth_permission_id_seq; Type: SEQUENCE SET; Schema: public; Owner: myprojectuser
--

SELECT pg_catalog.setval('public.auth_permission_id_seq', 56, true);


--
-- Name: auth_user_groups_id_seq; Type: SEQUENCE SET; Schema: public; Owner: myprojectuser
--

SELECT pg_catalog.setval('public.auth_user_groups_id_seq', 1, false);


--
-- Name: auth_user_id_seq; Type: SEQUENCE SET; Schema: public; Owner: myprojectuser
--

SELECT pg_catalog.setval('public.auth_user_id_seq', 2, true);


--
-- Name: auth_user_user_permissions_id_seq; Type: SEQUENCE SET; Schema: public; Owner: myprojectuser
--

SELECT pg_catalog.setval('public.auth_user_user_permissions_id_seq', 1, false);


--
-- Name: django_admin_log_id_seq; Type: SEQUENCE SET; Schema: public; Owner: myprojectuser
--

SELECT pg_catalog.setval('public.django_admin_log_id_seq', 5, true);


--
-- Name: django_content_type_id_seq; Type: SEQUENCE SET; Schema: public; Owner: myprojectuser
--

SELECT pg_catalog.setval('public.django_content_type_id_seq', 14, true);


--
-- Name: django_migrations_id_seq; Type: SEQUENCE SET; Schema: public; Owner: myprojectuser
--

SELECT pg_catalog.setval('public.django_migrations_id_seq', 36, true);


--
-- Name: players_acudiente_id_seq; Type: SEQUENCE SET; Schema: public; Owner: myprojectuser
--

SELECT pg_catalog.setval('public.players_acudiente_id_seq', 22, true);


--
-- Name: players_category_id_seq; Type: SEQUENCE SET; Schema: public; Owner: myprojectuser
--

SELECT pg_catalog.setval('public.players_category_id_seq', 2, true);


--
-- Name: players_player_id_seq; Type: SEQUENCE SET; Schema: public; Owner: myprojectuser
--

SELECT pg_catalog.setval('public.players_player_id_seq', 37, true);


--
-- Name: token_blacklist_blacklistedtoken_id_seq; Type: SEQUENCE SET; Schema: public; Owner: myprojectuser
--

SELECT pg_catalog.setval('public.token_blacklist_blacklistedtoken_id_seq', 1, false);


--
-- Name: token_blacklist_outstandingtoken_id_seq; Type: SEQUENCE SET; Schema: public; Owner: myprojectuser
--

SELECT pg_catalog.setval('public.token_blacklist_outstandingtoken_id_seq', 50, true);


--
-- Name: auth_group auth_group_name_key; Type: CONSTRAINT; Schema: public; Owner: myprojectuser
--

ALTER TABLE ONLY public.auth_group
    ADD CONSTRAINT auth_group_name_key UNIQUE (name);


--
-- Name: auth_group_permissions auth_group_permissions_group_id_permission_id_0cd325b0_uniq; Type: CONSTRAINT; Schema: public; Owner: myprojectuser
--

ALTER TABLE ONLY public.auth_group_permissions
    ADD CONSTRAINT auth_group_permissions_group_id_permission_id_0cd325b0_uniq UNIQUE (group_id, permission_id);


--
-- Name: auth_group_permissions auth_group_permissions_pkey; Type: CONSTRAINT; Schema: public; Owner: myprojectuser
--

ALTER TABLE ONLY public.auth_group_permissions
    ADD CONSTRAINT auth_group_permissions_pkey PRIMARY KEY (id);


--
-- Name: auth_group auth_group_pkey; Type: CONSTRAINT; Schema: public; Owner: myprojectuser
--

ALTER TABLE ONLY public.auth_group
    ADD CONSTRAINT auth_group_pkey PRIMARY KEY (id);


--
-- Name: auth_permission auth_permission_content_type_id_codename_01ab375a_uniq; Type: CONSTRAINT; Schema: public; Owner: myprojectuser
--

ALTER TABLE ONLY public.auth_permission
    ADD CONSTRAINT auth_permission_content_type_id_codename_01ab375a_uniq UNIQUE (content_type_id, codename);


--
-- Name: auth_permission auth_permission_pkey; Type: CONSTRAINT; Schema: public; Owner: myprojectuser
--

ALTER TABLE ONLY public.auth_permission
    ADD CONSTRAINT auth_permission_pkey PRIMARY KEY (id);


--
-- Name: auth_user_groups auth_user_groups_pkey; Type: CONSTRAINT; Schema: public; Owner: myprojectuser
--

ALTER TABLE ONLY public.auth_user_groups
    ADD CONSTRAINT auth_user_groups_pkey PRIMARY KEY (id);


--
-- Name: auth_user_groups auth_user_groups_user_id_group_id_94350c0c_uniq; Type: CONSTRAINT; Schema: public; Owner: myprojectuser
--

ALTER TABLE ONLY public.auth_user_groups
    ADD CONSTRAINT auth_user_groups_user_id_group_id_94350c0c_uniq UNIQUE (user_id, group_id);


--
-- Name: auth_user auth_user_pkey; Type: CONSTRAINT; Schema: public; Owner: myprojectuser
--

ALTER TABLE ONLY public.auth_user
    ADD CONSTRAINT auth_user_pkey PRIMARY KEY (id);


--
-- Name: auth_user_user_permissions auth_user_user_permissions_pkey; Type: CONSTRAINT; Schema: public; Owner: myprojectuser
--

ALTER TABLE ONLY public.auth_user_user_permissions
    ADD CONSTRAINT auth_user_user_permissions_pkey PRIMARY KEY (id);


--
-- Name: auth_user_user_permissions auth_user_user_permissions_user_id_permission_id_14a6b632_uniq; Type: CONSTRAINT; Schema: public; Owner: myprojectuser
--

ALTER TABLE ONLY public.auth_user_user_permissions
    ADD CONSTRAINT auth_user_user_permissions_user_id_permission_id_14a6b632_uniq UNIQUE (user_id, permission_id);


--
-- Name: auth_user auth_user_username_key; Type: CONSTRAINT; Schema: public; Owner: myprojectuser
--

ALTER TABLE ONLY public.auth_user
    ADD CONSTRAINT auth_user_username_key UNIQUE (username);


--
-- Name: django_admin_log django_admin_log_pkey; Type: CONSTRAINT; Schema: public; Owner: myprojectuser
--

ALTER TABLE ONLY public.django_admin_log
    ADD CONSTRAINT django_admin_log_pkey PRIMARY KEY (id);


--
-- Name: django_content_type django_content_type_app_label_model_76bd3d3b_uniq; Type: CONSTRAINT; Schema: public; Owner: myprojectuser
--

ALTER TABLE ONLY public.django_content_type
    ADD CONSTRAINT django_content_type_app_label_model_76bd3d3b_uniq UNIQUE (app_label, model);


--
-- Name: django_content_type django_content_type_pkey; Type: CONSTRAINT; Schema: public; Owner: myprojectuser
--

ALTER TABLE ONLY public.django_content_type
    ADD CONSTRAINT django_content_type_pkey PRIMARY KEY (id);


--
-- Name: django_migrations django_migrations_pkey; Type: CONSTRAINT; Schema: public; Owner: myprojectuser
--

ALTER TABLE ONLY public.django_migrations
    ADD CONSTRAINT django_migrations_pkey PRIMARY KEY (id);


--
-- Name: django_session django_session_pkey; Type: CONSTRAINT; Schema: public; Owner: myprojectuser
--

ALTER TABLE ONLY public.django_session
    ADD CONSTRAINT django_session_pkey PRIMARY KEY (session_key);


--
-- Name: players_acudiente players_acudiente_pkey; Type: CONSTRAINT; Schema: public; Owner: myprojectuser
--

ALTER TABLE ONLY public.players_acudiente
    ADD CONSTRAINT players_acudiente_pkey PRIMARY KEY (id);


--
-- Name: players_category players_category_name_key; Type: CONSTRAINT; Schema: public; Owner: myprojectuser
--

ALTER TABLE ONLY public.players_category
    ADD CONSTRAINT players_category_name_key UNIQUE (name);


--
-- Name: players_category players_category_pkey; Type: CONSTRAINT; Schema: public; Owner: myprojectuser
--

ALTER TABLE ONLY public.players_category
    ADD CONSTRAINT players_category_pkey PRIMARY KEY (id);


--
-- Name: players_player players_player_pkey; Type: CONSTRAINT; Schema: public; Owner: myprojectuser
--

ALTER TABLE ONLY public.players_player
    ADD CONSTRAINT players_player_pkey PRIMARY KEY (id);


--
-- Name: token_blacklist_blacklistedtoken token_blacklist_blacklistedtoken_pkey; Type: CONSTRAINT; Schema: public; Owner: myprojectuser
--

ALTER TABLE ONLY public.token_blacklist_blacklistedtoken
    ADD CONSTRAINT token_blacklist_blacklistedtoken_pkey PRIMARY KEY (id);


--
-- Name: token_blacklist_blacklistedtoken token_blacklist_blacklistedtoken_token_id_key; Type: CONSTRAINT; Schema: public; Owner: myprojectuser
--

ALTER TABLE ONLY public.token_blacklist_blacklistedtoken
    ADD CONSTRAINT token_blacklist_blacklistedtoken_token_id_key UNIQUE (token_id);


--
-- Name: token_blacklist_outstandingtoken token_blacklist_outstandingtoken_jti_hex_d9bdf6f7_uniq; Type: CONSTRAINT; Schema: public; Owner: myprojectuser
--

ALTER TABLE ONLY public.token_blacklist_outstandingtoken
    ADD CONSTRAINT token_blacklist_outstandingtoken_jti_hex_d9bdf6f7_uniq UNIQUE (jti);


--
-- Name: token_blacklist_outstandingtoken token_blacklist_outstandingtoken_pkey; Type: CONSTRAINT; Schema: public; Owner: myprojectuser
--

ALTER TABLE ONLY public.token_blacklist_outstandingtoken
    ADD CONSTRAINT token_blacklist_outstandingtoken_pkey PRIMARY KEY (id);


--
-- Name: auth_group_name_a6ea08ec_like; Type: INDEX; Schema: public; Owner: myprojectuser
--

CREATE INDEX auth_group_name_a6ea08ec_like ON public.auth_group USING btree (name varchar_pattern_ops);


--
-- Name: auth_group_permissions_group_id_b120cbf9; Type: INDEX; Schema: public; Owner: myprojectuser
--

CREATE INDEX auth_group_permissions_group_id_b120cbf9 ON public.auth_group_permissions USING btree (group_id);


--
-- Name: auth_group_permissions_permission_id_84c5c92e; Type: INDEX; Schema: public; Owner: myprojectuser
--

CREATE INDEX auth_group_permissions_permission_id_84c5c92e ON public.auth_group_permissions USING btree (permission_id);


--
-- Name: auth_permission_content_type_id_2f476e4b; Type: INDEX; Schema: public; Owner: myprojectuser
--

CREATE INDEX auth_permission_content_type_id_2f476e4b ON public.auth_permission USING btree (content_type_id);


--
-- Name: auth_user_groups_group_id_97559544; Type: INDEX; Schema: public; Owner: myprojectuser
--

CREATE INDEX auth_user_groups_group_id_97559544 ON public.auth_user_groups USING btree (group_id);


--
-- Name: auth_user_groups_user_id_6a12ed8b; Type: INDEX; Schema: public; Owner: myprojectuser
--

CREATE INDEX auth_user_groups_user_id_6a12ed8b ON public.auth_user_groups USING btree (user_id);


--
-- Name: auth_user_user_permissions_permission_id_1fbb5f2c; Type: INDEX; Schema: public; Owner: myprojectuser
--

CREATE INDEX auth_user_user_permissions_permission_id_1fbb5f2c ON public.auth_user_user_permissions USING btree (permission_id);


--
-- Name: auth_user_user_permissions_user_id_a95ead1b; Type: INDEX; Schema: public; Owner: myprojectuser
--

CREATE INDEX auth_user_user_permissions_user_id_a95ead1b ON public.auth_user_user_permissions USING btree (user_id);


--
-- Name: auth_user_username_6821ab7c_like; Type: INDEX; Schema: public; Owner: myprojectuser
--

CREATE INDEX auth_user_username_6821ab7c_like ON public.auth_user USING btree (username varchar_pattern_ops);


--
-- Name: django_admin_log_content_type_id_c4bce8eb; Type: INDEX; Schema: public; Owner: myprojectuser
--

CREATE INDEX django_admin_log_content_type_id_c4bce8eb ON public.django_admin_log USING btree (content_type_id);


--
-- Name: django_admin_log_user_id_c564eba6; Type: INDEX; Schema: public; Owner: myprojectuser
--

CREATE INDEX django_admin_log_user_id_c564eba6 ON public.django_admin_log USING btree (user_id);


--
-- Name: django_session_expire_date_a5c62663; Type: INDEX; Schema: public; Owner: myprojectuser
--

CREATE INDEX django_session_expire_date_a5c62663 ON public.django_session USING btree (expire_date);


--
-- Name: django_session_session_key_c0390e0f_like; Type: INDEX; Schema: public; Owner: myprojectuser
--

CREATE INDEX django_session_session_key_c0390e0f_like ON public.django_session USING btree (session_key varchar_pattern_ops);


--
-- Name: players_category_name_e1c9cabe_like; Type: INDEX; Schema: public; Owner: myprojectuser
--

CREATE INDEX players_category_name_e1c9cabe_like ON public.players_category USING btree (name varchar_pattern_ops);


--
-- Name: players_player_category_id_712c1726; Type: INDEX; Schema: public; Owner: myprojectuser
--

CREATE INDEX players_player_category_id_712c1726 ON public.players_player USING btree (category_id);


--
-- Name: token_blacklist_outstandingtoken_jti_hex_d9bdf6f7_like; Type: INDEX; Schema: public; Owner: myprojectuser
--

CREATE INDEX token_blacklist_outstandingtoken_jti_hex_d9bdf6f7_like ON public.token_blacklist_outstandingtoken USING btree (jti varchar_pattern_ops);


--
-- Name: token_blacklist_outstandingtoken_user_id_83bc629a; Type: INDEX; Schema: public; Owner: myprojectuser
--

CREATE INDEX token_blacklist_outstandingtoken_user_id_83bc629a ON public.token_blacklist_outstandingtoken USING btree (user_id);


--
-- Name: auth_group_permissions auth_group_permissio_permission_id_84c5c92e_fk_auth_perm; Type: FK CONSTRAINT; Schema: public; Owner: myprojectuser
--

ALTER TABLE ONLY public.auth_group_permissions
    ADD CONSTRAINT auth_group_permissio_permission_id_84c5c92e_fk_auth_perm FOREIGN KEY (permission_id) REFERENCES public.auth_permission(id) DEFERRABLE INITIALLY DEFERRED;


--
-- Name: auth_group_permissions auth_group_permissions_group_id_b120cbf9_fk_auth_group_id; Type: FK CONSTRAINT; Schema: public; Owner: myprojectuser
--

ALTER TABLE ONLY public.auth_group_permissions
    ADD CONSTRAINT auth_group_permissions_group_id_b120cbf9_fk_auth_group_id FOREIGN KEY (group_id) REFERENCES public.auth_group(id) DEFERRABLE INITIALLY DEFERRED;


--
-- Name: auth_permission auth_permission_content_type_id_2f476e4b_fk_django_co; Type: FK CONSTRAINT; Schema: public; Owner: myprojectuser
--

ALTER TABLE ONLY public.auth_permission
    ADD CONSTRAINT auth_permission_content_type_id_2f476e4b_fk_django_co FOREIGN KEY (content_type_id) REFERENCES public.django_content_type(id) DEFERRABLE INITIALLY DEFERRED;


--
-- Name: auth_user_groups auth_user_groups_group_id_97559544_fk_auth_group_id; Type: FK CONSTRAINT; Schema: public; Owner: myprojectuser
--

ALTER TABLE ONLY public.auth_user_groups
    ADD CONSTRAINT auth_user_groups_group_id_97559544_fk_auth_group_id FOREIGN KEY (group_id) REFERENCES public.auth_group(id) DEFERRABLE INITIALLY DEFERRED;


--
-- Name: auth_user_groups auth_user_groups_user_id_6a12ed8b_fk_auth_user_id; Type: FK CONSTRAINT; Schema: public; Owner: myprojectuser
--

ALTER TABLE ONLY public.auth_user_groups
    ADD CONSTRAINT auth_user_groups_user_id_6a12ed8b_fk_auth_user_id FOREIGN KEY (user_id) REFERENCES public.auth_user(id) DEFERRABLE INITIALLY DEFERRED;


--
-- Name: auth_user_user_permissions auth_user_user_permi_permission_id_1fbb5f2c_fk_auth_perm; Type: FK CONSTRAINT; Schema: public; Owner: myprojectuser
--

ALTER TABLE ONLY public.auth_user_user_permissions
    ADD CONSTRAINT auth_user_user_permi_permission_id_1fbb5f2c_fk_auth_perm FOREIGN KEY (permission_id) REFERENCES public.auth_permission(id) DEFERRABLE INITIALLY DEFERRED;


--
-- Name: auth_user_user_permissions auth_user_user_permissions_user_id_a95ead1b_fk_auth_user_id; Type: FK CONSTRAINT; Schema: public; Owner: myprojectuser
--

ALTER TABLE ONLY public.auth_user_user_permissions
    ADD CONSTRAINT auth_user_user_permissions_user_id_a95ead1b_fk_auth_user_id FOREIGN KEY (user_id) REFERENCES public.auth_user(id) DEFERRABLE INITIALLY DEFERRED;


--
-- Name: django_admin_log django_admin_log_content_type_id_c4bce8eb_fk_django_co; Type: FK CONSTRAINT; Schema: public; Owner: myprojectuser
--

ALTER TABLE ONLY public.django_admin_log
    ADD CONSTRAINT django_admin_log_content_type_id_c4bce8eb_fk_django_co FOREIGN KEY (content_type_id) REFERENCES public.django_content_type(id) DEFERRABLE INITIALLY DEFERRED;


--
-- Name: django_admin_log django_admin_log_user_id_c564eba6_fk_auth_user_id; Type: FK CONSTRAINT; Schema: public; Owner: myprojectuser
--

ALTER TABLE ONLY public.django_admin_log
    ADD CONSTRAINT django_admin_log_user_id_c564eba6_fk_auth_user_id FOREIGN KEY (user_id) REFERENCES public.auth_user(id) DEFERRABLE INITIALLY DEFERRED;


--
-- Name: players_player players_player_category_id_712c1726_fk_players_category_id; Type: FK CONSTRAINT; Schema: public; Owner: myprojectuser
--

ALTER TABLE ONLY public.players_player
    ADD CONSTRAINT players_player_category_id_712c1726_fk_players_category_id FOREIGN KEY (category_id) REFERENCES public.players_category(id) DEFERRABLE INITIALLY DEFERRED;


--
-- Name: token_blacklist_blacklistedtoken token_blacklist_blacklistedtoken_token_id_3cc7fe56_fk; Type: FK CONSTRAINT; Schema: public; Owner: myprojectuser
--

ALTER TABLE ONLY public.token_blacklist_blacklistedtoken
    ADD CONSTRAINT token_blacklist_blacklistedtoken_token_id_3cc7fe56_fk FOREIGN KEY (token_id) REFERENCES public.token_blacklist_outstandingtoken(id) DEFERRABLE INITIALLY DEFERRED;


--
-- Name: token_blacklist_outstandingtoken token_blacklist_outs_user_id_83bc629a_fk_auth_user; Type: FK CONSTRAINT; Schema: public; Owner: myprojectuser
--

ALTER TABLE ONLY public.token_blacklist_outstandingtoken
    ADD CONSTRAINT token_blacklist_outs_user_id_83bc629a_fk_auth_user FOREIGN KEY (user_id) REFERENCES public.auth_user(id) DEFERRABLE INITIALLY DEFERRED;


--
-- PostgreSQL database dump complete
--

\unrestrict hDo5YOoMVFzHI6oTleCzgpvhlvzfb1LXmLULON5gn118F4LWPopJAQ0W5eDeGfJ

